{
  "none": {
    "beat_duration": 4.0,
    "peak_relative_index": [0.0, 0.25, 0.5, 0.75, 1.0],
    "poses": [
      [0.0],
      [0.0],
      [0.0],
      [0.0],
      [0.0],
      [0.0],
      [0.0],
      [0.0],
      [0.0],
      [0.0],
      [0.0],
      [0.0],
      [0.0],
      [0.0],
      [0.0],
      [0.0],
      [0.0],
      [0.0],
      [0.0],
      [0.0],
      [0.0],
      [0.0],
      [0.0],
      [0.0],
      [0.0],
      [0.0],
      [0.0],
      [0.0],
      [0.0],
      [0.0],
      [0.0],
      [0.0],
      [0.0],
      [0.0],
      [0.0],
      [0.0],
      [0.0],
      [0.0],
      [0.0],
      [0.0]
    ]
  },
  "small_turn": {
    "beat_duration": 4.0,
    "peak_relative_index": [0.0, 0.25, 0.5, 0.75, 1.0],
    "poses": [
      [0.039269908169872414],
      [0.11780972450961726],
      [0.19634954084936207],
      [0.2748893571891069],
      [0.3534291735288517],
      [0.4319689898685966],
      [0.5105088062083414],
      [0.5890486225480862],
      [0.6675884388878311],
      [0.7461282552275759],
      [0.7068583470577035],
      [0.6283185307179586],
      [0.5497787143782138],
      [0.471238898038469],
      [0.39269908169872414],
      [0.3141592653589793],
      [0.2356194490192345],
      [0.15707963267948966],
      [0.07853981633974483],
      [0.0],
      [-0.039269908169872414],
      [-0.11780972450961726],
      [-0.19634954084936207],
      [-0.2748893571891069],
      [-0.3534291735288517],
      [-0.4319689898685966],
      [-0.5105088062083414],
      [-0.5890486225480862],
      [-0.6675884388878311],
      [-0.7461282552275759],
      [-0.7068583470577035],
      [-0.6283185307179586],
      [-0.5497787143782138],
      [-0.471238898038469],
      [-0.39269908169872414],
      [-0.3141592653589793],
      [-0.2356194490192345],
      [-0.15707963267948966],
      [-0.07853981633974483],
      [0.0]
    ]
  }
}
