{
  "circle": {
    "beat_duration": 2.0,
    "peak_relative_index": [0.25, 0.75],
    "poses": [
      [0.01, 0.0, 0, 0, 0, 0, 1],
      [0.00996917333733, 0.000784590957278, 0, 0, 0, 0, 1],
      [0.00987688340595, 0.0015643446504, 0, 0, 0, 0, 1],
      [0.00972369920398, 0.00233445363856, 0, 0, 0, 0, 1],
      [0.00951056516295, 0.00309016994375, 0, 0, 0, 0, 1],
      [0.00923879532511, 0.00382683432365, 0, 0, 0, 0, 1],
      [0.00891006524188, 0.0045399049974, 0, 0, 0, 0, 1],
      [0.00852640164354, 0.00522498564716, 0, 0, 0, 0, 1],
      [0.00809016994375, 0.00587785252292, 0, 0, 0, 0, 1],
      [0.007604059656, 0.0064944804833, 0, 0, 0, 0, 1],
      [0.00707106781187, 0.00707106781187, 0, 0, 0, 0, 1],
      [0.0064944804833, 0.007604059656, 0, 0, 0, 0, 1],
      [0.00587785252292, 0.00809016994375, 0, 0, 0, 0, 1],
      [0.00522498564716, 0.00852640164354, 0, 0, 0, 0, 1],
      [0.0045399049974, 0.00891006524188, 0, 0, 0, 0, 1],
      [0.00382683432365, 0.00923879532511, 0, 0, 0, 0, 1],
      [0.00309016994375, 0.00951056516295, 0, 0, 0, 0, 1],
      [0.00233445363856, 0.00972369920398, 0, 0, 0, 0, 1],
      [0.0015643446504, 0.00987688340595, 0, 0, 0, 0, 1],
      [0.000784590957278, 0.00996917333733, 0, 0, 0, 0, 1],
      [6.12323399574e-19, 0.01, 0, 0, 0, 0, 1],
      [-0.000784590957278, 0.00996917333733, 0, 0, 0, 0, 1],
      [-0.0015643446504, 0.00987688340595, 0, 0, 0, 0, 1],
      [-0.00233445363856, 0.00972369920398, 0, 0, 0, 0, 1],
      [-0.00309016994375, 0.00951056516295, 0, 0, 0, 0, 1],
      [-0.00382683432365, 0.00923879532511, 0, 0, 0, 0, 1],
      [-0.0045399049974, 0.00891006524188, 0, 0, 0, 0, 1],
      [-0.00522498564716, 0.00852640164354, 0, 0, 0, 0, 1],
      [-0.00587785252292, 0.00809016994375, 0, 0, 0, 0, 1],
      [-0.0064944804833, 0.007604059656, 0, 0, 0, 0, 1],
      [-0.00707106781187, 0.00707106781187, 0, 0, 0, 0, 1],
      [-0.007604059656, 0.0064944804833, 0, 0, 0, 0, 1],
      [-0.00809016994375, 0.00587785252292, 0, 0, 0, 0, 1],
      [-0.00852640164354, 0.00522498564716, 0, 0, 0, 0, 1],
      [-0.00891006524188, 0.0045399049974, 0, 0, 0, 0, 1],
      [-0.00923879532511, 0.00382683432365, 0, 0, 0, 0, 1],
      [-0.00951056516295, 0.00309016994375, 0, 0, 0, 0, 1],
      [-0.00972369920398, 0.00233445363856, 0, 0, 0, 0, 1],
      [-0.00987688340595, 0.0015643446504, 0, 0, 0, 0, 1],
      [-0.00996917333733, 0.000784590957278, 0, 0, 0, 0, 1],
      [-0.01, 1.22464679915e-18, 0, 0, 0, 0, 1],
      [-0.00996917333733, -0.000784590957278, 0, 0, 0, 0, 1],
      [-0.00987688340595, -0.0015643446504, 0, 0, 0, 0, 1],
      [-0.00972369920398, -0.00233445363856, 0, 0, 0, 0, 1],
      [-0.00951056516295, -0.00309016994375, 0, 0, 0, 0, 1],
      [-0.00923879532511, -0.00382683432365, 0, 0, 0, 0, 1],
      [-0.00891006524188, -0.0045399049974, 0, 0, 0, 0, 1],
      [-0.00852640164354, -0.00522498564716, 0, 0, 0, 0, 1],
      [-0.00809016994375, -0.00587785252292, 0, 0, 0, 0, 1],
      [-0.007604059656, -0.0064944804833, 0, 0, 0, 0, 1],
      [-0.00707106781187, -0.00707106781187, 0, 0, 0, 0, 1],
      [-0.0064944804833, -0.007604059656, 0, 0, 0, 0, 1],
      [-0.00587785252292, -0.00809016994375, 0, 0, 0, 0, 1],
      [-0.00522498564716, -0.00852640164354, 0, 0, 0, 0, 1],
      [-0.0045399049974, -0.00891006524188, 0, 0, 0, 0, 1],
      [-0.00382683432365, -0.00923879532511, 0, 0, 0, 0, 1],
      [-0.00309016994375, -0.00951056516295, 0, 0, 0, 0, 1],
      [-0.00233445363856, -0.00972369920398, 0, 0, 0, 0, 1],
      [-0.0015643446504, -0.00987688340595, 0, 0, 0, 0, 1],
      [-0.000784590957278, -0.00996917333733, 0, 0, 0, 0, 1],
      [-1.83697019872e-18, -0.01, 0, 0, 0, 0, 1],
      [0.000784590957278, -0.00996917333733, 0, 0, 0, 0, 1],
      [0.0015643446504, -0.00987688340595, 0, 0, 0, 0, 1],
      [0.00233445363856, -0.00972369920398, 0, 0, 0, 0, 1],
      [0.00309016994375, -0.00951056516295, 0, 0, 0, 0, 1],
      [0.00382683432365, -0.00923879532511, 0, 0, 0, 0, 1],
      [0.0045399049974, -0.00891006524188, 0, 0, 0, 0, 1],
      [0.00522498564716, -0.00852640164354, 0, 0, 0, 0, 1],
      [0.00587785252292, -0.00809016994375, 0, 0, 0, 0, 1],
      [0.0064944804833, -0.007604059656, 0, 0, 0, 0, 1],
      [0.00707106781187, -0.00707106781187, 0, 0, 0, 0, 1],
      [0.007604059656, -0.0064944804833, 0, 0, 0, 0, 1],
      [0.00809016994375, -0.00587785252292, 0, 0, 0, 0, 1],
      [0.00852640164354, -0.00522498564716, 0, 0, 0, 0, 1],
      [0.00891006524188, -0.0045399049974, 0, 0, 0, 0, 1],
      [0.00923879532511, -0.00382683432365, 0, 0, 0, 0, 1],
      [0.00951056516295, -0.00309016994375, 0, 0, 0, 0, 1],
      [0.00972369920398, -0.00233445363856, 0, 0, 0, 0, 1],
      [0.00987688340595, -0.0015643446504, 0, 0, 0, 0, 1],
      [0.00996917333733, -0.000784590957278, 0, 0, 0, 0, 1]
    ]
  },
  "left_right": {
    "beat_duration": 2.0,
    "peak_relative_index": [0.25, 0.75],
    "poses": [
      [0, -0.0, 0, 0, 0, 0, 1],
      [0, -0.0015643446504, 0, 0, 0, 0, 1],
      [0, -0.00309016994375, 0, 0, 0, 0, 1],
      [0, -0.0045399049974, 0, 0, 0, 0, 1],
      [0, -0.00587785252292, 0, 0, 0, 0, 1],
      [0, -0.00707106781187, 0, 0, 0, 0, 1],
      [0, -0.00809016994375, 0, 0, 0, 0, 1],
      [0, -0.00891006524188, 0, 0, 0, 0, 1],
      [0, -0.00951056516295, 0, 0, 0, 0, 1],
      [0, -0.00987688340595, 0, 0, 0, 0, 1],
      [0, -0.01, 0, 0, 0, 0, 1],
      [0, -0.00987688340595, 0, 0, 0, 0, 1],
      [0, -0.00951056516295, 0, 0, 0, 0, 1],
      [0, -0.00891006524188, 0, 0, 0, 0, 1],
      [0, -0.00809016994375, 0, 0, 0, 0, 1],
      [0, -0.00707106781187, 0, 0, 0, 0, 1],
      [0, -0.00587785252292, 0, 0, 0, 0, 1],
      [0, -0.0045399049974, 0, 0, 0, 0, 1],
      [0, -0.00309016994375, 0, 0, 0, 0, 1],
      [0, -0.0015643446504, 0, 0, 0, 0, 1],
      [0, -1.22464679915e-18, 0, 0, 0, 0, 1],
      [0, 0.0015643446504, 0, 0, 0, 0, 1],
      [0, 0.00309016994375, 0, 0, 0, 0, 1],
      [0, 0.0045399049974, 0, 0, 0, 0, 1],
      [0, 0.00587785252292, 0, 0, 0, 0, 1],
      [0, 0.00707106781187, 0, 0, 0, 0, 1],
      [0, 0.00809016994375, 0, 0, 0, 0, 1],
      [0, 0.00891006524188, 0, 0, 0, 0, 1],
      [0, 0.00951056516295, 0, 0, 0, 0, 1],
      [0, 0.00987688340595, 0, 0, 0, 0, 1],
      [0, 0.01, 0, 0, 0, 0, 1],
      [0, 0.00987688340595, 0, 0, 0, 0, 1],
      [0, 0.00951056516295, 0, 0, 0, 0, 1],
      [0, 0.00891006524188, 0, 0, 0, 0, 1],
      [0, 0.00809016994375, 0, 0, 0, 0, 1],
      [0, 0.00707106781187, 0, 0, 0, 0, 1],
      [0, 0.00587785252292, 0, 0, 0, 0, 1],
      [0, 0.0045399049974, 0, 0, 0, 0, 1],
      [0, 0.00309016994375, 0, 0, 0, 0, 1],
      [0, 0.0015643446504, 0, 0, 0, 0, 1]
    ]
  },
  "front_back": {
    "beat_duration": 2.0,
    "peak_relative_index": [0.25, 0.75],